<application>
  <component name="NodeJsLocalInterpreters">
    <local-interpreter path="/usr/local/bin/node" />
    <local-interpreter path="/usr/local/Cellar/node/12.5.0/bin/node" />
  </component>
  <component name="NotRoamableUiSettings">
    <option name="editorAAType" value="Greyscale" />
    <option name="fontFace" value=".SFNS-Regular" />
    <option name="ideAAType" value="Greyscale" />
  </component>
  <component name="PropertiesComponent">
    <property name="CommitChangeListDialog.DETAILS_SPLITTER_PROPORTION_2" value="0.540074" />
    <property name="DBE.Default.Dialect" value="MySQL" />
    <property name="ExpandBeforeRunStepsPanel" value="true" />
    <property name="ExpandRunDashboardTypesPanel" value="false" />
    <property name="FindSplitterProportion" value="0.0" />
    <property name="InstalledPluginsSearchHistory" value="sync&#10;sy&#10;s&#10;prettier on save&#10;prettier on sav" />
    <property name="KEYMAP" value="deploy&#10;upload&#10;todo&#10;duplic&#10;dupli" />
    <property name="LayoutCode.optimizeImports" value="false" />
    <property name="LayoutCode.processChangedText" value="false" />
    <property name="MarketplacePluginsSearchHistory" value="relative&#10;vim&#10;php tool&#10;github&#10;remote" />
    <property name="MemberChooser.showClasses" value="true" />
    <property name="NonModalCommitPromotionState" value="ACCEPTED" />
    <property name="PhpStorm.InitialConfiguration" value="true" />
    <property name="PhpUnitSupport.hidePassedTests" value="false" />
    <property name="PluginConfigurable.selectionTab" value="1" />
    <property name="SHELLCHECK.PATH" value="I do mind" />
    <property name="SettingsSearchHistory" value="sync&#10;prettier on save&#10;on save&#10;format save&#10;line numb" />
    <property name="TrendingPluginsSearchHistory" value="material" />
    <property name="UITheme.relaunch" value="true" />
    <property name="appcds.runOnSecondStart" value="PS-202.7660.42-e1145b9268d9fd06bc7099c88d31b19eabcbd0dd32a179ff5741e4cdc57f9ace" />
    <property name="ask.about.ctrl.y.shortcut" value="true" />
    <property name="com.intellij.history.integration.ui.views.DirectoryHistoryDialog.0" value="300" />
    <property name="com.intellij.history.integration.ui.views.FileHistoryDialog.0" value="300" />
    <property name="com.intellij.history.integration.ui.views.FileHistoryDialog.1" value="800" />
    <property name="evlsprt3.191" value="12" />
    <property name="evlsprt3.192" value="12" />
    <property name="evlsprt3.193" value="11" />
    <property name="evlsprt3.201" value="15" />
    <property name="evlsprt3.202" value="13" />
    <property name="file.chooser.recent.files" value="$USER_HOME$/git/Digital_Solutions_GmbH/plugin.flytools.webinarfly&#10;/Users/jonathansiebern/git/digimember_local/wp-content/plugins/digiserver&#10;/Users/jonathansiebern/git/Digital_Solutions_GmbH/tool.digimember-api-client&#10;/Users/jonathansiebern/git/digimember_local/wp-content/plugins/flytools&#10;/Users/jonathansiebern/git/Digital_Solutions_GmbH/plugin.flytools.splitfly&#10;/Users/jonathansiebern/git/digimember_local/wp-content/plugins/digimember&#10;/Users/jonathansiebern/git/Digital_Solutions_GmbH/plugin.flytools.scarcityfly&#10;/Users/jonathansiebern/Downloads/reprocessing-example" />
    <property name="file.gist.reindex.count" value="269696" />
    <property name="fileTypeChangedCounter" value="6" />
    <property name="ide.memory.adjusted" value="true" />
    <property name="ide.self.update.started.for.build" value="PS-202.7319.77" />
    <property name="ideavim.statistics.timestamp" value="1605049960699" />
    <property name="js.chrome.debugger.port.98ca6316-2f89-46d9-a9e5-fa9e2b0625b3" value="50695" />
    <property name="lastTip" value="1" />
    <property name="last_opened_file_path" value="$USER_HOME$/git/Digital_Solutions_GmbH/plugin.flytools.webinarfly" />
    <property name="log.file.format.editor.notification.disabled" value="true" />
    <property name="mt.showStatisticsAgreement" value="true" />
    <property name="muted.system.shortcut.conflicts.actions" value="PreviousEditorTab" />
    <property name="selected.color.option.type" value="PHP_IDENTIFIER" />
    <property name="settings.code.style.selected.tab.MySQL" value="Case" />
    <property name="settings.code.style.selected.tab.PHP" value="Tabs and Indents" />
    <property name="settings.code.style.selected.tab.SQLite" value="Wrapping" />
    <property name="settings.code.style.selected.tab.TSQL" value="Code" />
    <property name="tasks.pass.word.conversion.enforced" value="true" />
    <property name="ts.lib.d.ts.version" value="3.9.5" />
    <property name="vcs.history.diff.splitter.proportion" value="0.4059524" />
    <property name="wordPress.support.wordPressPath" value="$USER_HOME$/git/phpstorm-wp" />
  </component>
  <component name="TeamCityHistory">
    <option name="HISTORY" value="https://build.webinarly.de:8111&amp;^%$#@jsiebern" />
  </component>
</application>